{
    "include": {
        "Zoom Event Reminder": {
            "msg_title": "Zoom Event Reminder",
            "msg_subject": null,
            "msg_text": null,
            "msg_html": "<p>{contact.email_greeting_display}<\/p><p>This is a reminder about your upcoming event&nbsp;{event.title}<\/p><p>This event will take place via Zoom on&nbsp;{event.start_date}<\/p><ul><li>The details required to join the Zoom meeting are as follows:<\/li><li>Topic:&nbsp;{event.title}<\/li><li>Date and Time:&nbsp;{event.start_date}<\/li><li>Join Zoom meeting: <a href=\"{zoom.join_url}\">{zoom.join_url}<\/a><\/li><li>Meeting ID: {zoom.zoom_id}<\/li><li>Zoom Dial-in numbers:<br>{zoom.global_dial_in_numbers}<\/li><\/ul><p>Thank you for registering for this event. To register additional attendees please go to <a href=\"{event.registration_url}\">{event.registration_url}<\/a><\/p><p>If you have any questions prior to the event please email the events organiser at&nbsp;{event.contact_email} or phone us on&nbsp;{event.contact_phone}<\/p><p>Regards.<br>{domain.name}<\/p>",
            "is_active": true,
            "workflow_id": null,
            "workflow_name": null,
            "is_default": true,
            "is_reserved": false,
            "is_sms": false,
            "pdf_format_id": 0
        }
    }
}