{
    "name": "zoom_zoom_default_rules",
    "title": "Zoom Zoom Default Rules",
    "version": 1,
    "entities": {
        "CiviRules": "1"
    },
    "description": null,
    "configuration": {
        "CiviRules": {
            "include": [
                "create_zoom_for_new_meeting_events",
                "add_zoom_to_existing_meeting_event",
                "add_zoom_registration_for_new_participants",
                "add_zoom_registration_for_updated_participants",
                "remove_zoom_registration_for_deregistered_participants",
                "create_zoom_for_new_webinar_events",
                "_add_zoom_to_existing_webinar_event"
            ],
            "remove": []
        },
        "UrlReplaceer": []
    }
}