{
    "include": {
        "create_zoom_for_new_meeting_events": {
            "name": "create_zoom_for_new_meeting_events",
            "label": "Create Zoom for new Meeting events",
            "trigger_params": "a:1:{s:10:\"contact_id\";s:1:\"0\";}",
            "is_active": "0",
            "description": "Default rule to create a Zoom for Meetings when a Zoom ID is not already present",
            "help_text": "",
            "modified_date": "2023-11-01",
            "modified_user_id": "2",
            "is_debug": "0",
            "trigger": "new_event",
            "conditions": [
                {
                    "is_active": "1",
                    "condition_params": [],
                    "condition": "zoom_event_no_zoom_meeting"
                },
                {
                    "condition_link": "AND",
                    "condition_params": {
                        "event_type_id": [
                            "4"
                        ],
                        "operator": "0",
                        "status_id": [
                            "Meeting"
                        ]
                    },
                    "is_active": "1",
                    "condition": "event_type"
                }
            ],
            "actions": [
                {
                    "action_params": {
                        "duration": "90",
                        "schedule_for": "",
                        "password": "",
                        "host_video": "true",
                        "participant_video": "true",
                        "join_before_host": "true",
                        "mute_upon_entry": "true",
                        "watermark": "true",
                        "approval_type": "0",
                        "audio": "both",
                        "auto_recording": "local",
                        "alternative_hosts": "",
                        "close_registration": "true",
                        "waiting_room": "true",
                        "global_dial_in_countries": [
                            "1013"
                        ],
                        "contact_name": "",
                        "contact_email": "",
                        "registrants_email_notification": "true",
                        "meeting_authentication": "true",
                        "authentication_domains": "",
                        "show_share_button": "true",
                        "allow_multiple_devices": "true",
                        "alternative_hosts_email_notification": "true"
                    },
                    "ignore_condition_with_delay": "0",
                    "is_active": "1",
                    "action": "zoom_create_meeting_from_event"
                }
            ]
        },
        "add_zoom_to_existing_meeting_event": {
            "name": "add_zoom_to_existing_meeting_event",
            "label": "Add Zoom to existing Meeting Event",
            "trigger_params": "a:1:{s:10:\"contact_id\";s:1:\"0\";}",
            "is_active": "0",
            "description": "Default rule to create a Zoom for existing Meetings when a Zoom ID is not already present",
            "help_text": "",
            "modified_date": "2023-11-01",
            "modified_user_id": "2",
            "is_debug": "0",
            "trigger": "changed_event",
            "conditions": [
                {
                    "is_active": "1",
                    "condition_params": [],
                    "condition": "zoom_event_no_zoom_meeting"
                },
                {
                    "condition_link": "AND",
                    "condition_params": {
                        "event_type_id": [
                            "4"
                        ],
                        "operator": "0",
                        "status_id": [
                            "Meeting"
                        ]
                    },
                    "is_active": "1",
                    "condition": "event_type"
                }
            ],
            "actions": [
                {
                    "action_params": {
                        "duration": "90,",
                        "schedule_for": "",
                        "password": "",
                        "host_video": "true",
                        "participant_video": "true",
                        "join_before_host": "true",
                        "mute_upon_entry": "true",
                        "watermark": "true",
                        "approval_type": "0",
                        "audio": "both",
                        "auto_recording": "local",
                        "alternative_hosts": "",
                        "close_registration": "true",
                        "waiting_room": "true",
                        "global_dial_in_countries": [
                            "1013"
                        ],
                        "contact_name": "",
                        "contact_email": "",
                        "registrants_email_notification": "true",
                        "meeting_authentication": "true",
                        "authentication_domains": "",
                        "show_share_button": "true",
                        "allow_multiple_devices": "true",
                        "alternative_hosts_email_notification": "true"
                    },
                    "ignore_condition_with_delay": "0",
                    "is_active": "1",
                    "action": "zoom_create_meeting_from_event"
                }
            ]
        },
        "add_zoom_registration_for_new_participants": {
            "name": "add_zoom_registration_for_new_participants",
            "label": "Add Zoom Registration for new Participants",
            "is_active": "0",
            "description": "Default rule to register Participants in Events linked to a Zoom meeting or webinar",
            "help_text": "",
            "modified_date": "2023-11-06",
            "modified_user_id": "2",
            "is_debug": "0",
            "trigger": "new_participant",
            "conditions": [
                {
                    "is_active": "1",
                    "condition_params": [],
                    "condition": "zoom_event_has_zoom_meeting"
                },
                {
                    "condition_link": "AND",
                    "is_active": "1",
                    "condition_params": [],
                    "condition": "zoom_participant_no_zoom_registration"
                },
                {
                    "condition_link": "AND",
                    "condition_params": {
                        "status_id": [
                            "Registered"
                        ],
                        "operator": "0"
                    },
                    "is_active": "1",
                    "condition": "participant_status"
                }
            ],
            "actions": [
                {
                    "ignore_condition_with_delay": "0",
                    "is_active": "1",
                    "action_params": [],
                    "action": "zoom_add_participant"
                }
            ]
        },
        "add_zoom_registration_for_updated_participants": {
            "name": "add_zoom_registration_for_updated_participants",
            "label": "Add Zoom Registration for updated Participants",
            "is_active": "0",
            "description": "Default rule to register Participants in Events linked to a Zoom meeting or webinar",
            "help_text": "",
            "modified_date": "2023-11-06",
            "modified_user_id": "2",
            "is_debug": "0",
            "trigger": "changed_participant",
            "conditions": [
                {
                    "is_active": "1",
                    "condition_params": [],
                    "condition": "zoom_participant_no_zoom_registration"
                },
                {
                    "condition_link": "AND",
                    "condition_params": {
                        "status_id": [
                            "Registered"
                        ],
                        "operator": "0"
                    },
                    "is_active": "1",
                    "condition": "participant_status"
                },
                {
                    "condition_link": "AND",
                    "is_active": "1",
                    "condition_params": [],
                    "condition": "zoom_event_has_zoom_meeting"
                }
            ],
            "actions": [
                {
                    "ignore_condition_with_delay": "0",
                    "is_active": "1",
                    "action_params": [],
                    "action": "zoom_add_participant"
                }
            ]
        },
        "remove_zoom_registration_for_deregistered_participants": {
            "name": "remove_zoom_registration_for_deregistered_participants",
            "label": "Remove Zoom registration for deregistered Participants",
            "is_active": "0",
            "description": "Default rule to remove Participants from Events linked to a Zoom meeting or webinar",
            "help_text": "",
            "modified_date": "2023-11-06",
            "modified_user_id": "2",
            "is_debug": "0",
            "trigger": "changed_participant",
            "conditions": [
                {
                    "is_active": "1",
                    "condition_params": [],
                    "condition": "zoom_event_has_zoom_meeting"
                },
                {
                    "condition_link": "AND",
                    "is_active": "1",
                    "condition_params": [],
                    "condition": "zoom_participant_has_zoom_registration"
                },
                {
                    "condition_link": "AND",
                    "condition_params": {
                        "status_id": [
                            "Registered"
                        ],
                        "operator": "1"
                    },
                    "is_active": "1",
                    "condition": "participant_status"
                }
            ],
            "actions": [
                {
                    "ignore_condition_with_delay": "0",
                    "is_active": "1",
                    "action_params": [],
                    "action": "zoom_delete_participant"
                }
            ]
        },
        "create_zoom_for_new_webinar_events": {
            "name": "create_zoom_for_new_webinar_events",
            "label": "Create Zoom for new Webinar events",
            "trigger_params": "a:1:{s:10:\"contact_id\";s:1:\"0\";}",
            "is_active": "0",
            "description": "Default rule to create a Zoom for Webinar when a Zoom ID is not already present",
            "help_text": "",
            "modified_date": "2023-11-06",
            "modified_user_id": "2",
            "is_debug": "0",
            "trigger": "new_event",
            "conditions": [
                {
                    "is_active": "1",
                    "condition_params": [],
                    "condition": "zoom_event_no_zoom_meeting"
                },
                {
                    "condition_link": "AND",
                    "condition_params": {
                        "event_type_id": [
                            "7"
                        ],
                        "operator": "0",
                        "status_id": [
                            "Webinar"
                        ]
                    },
                    "is_active": "1",
                    "condition": "event_type"
                }
            ],
            "actions": [
                {
                    "action_params": {
                        "duration": "90m",
                        "password": "",
                        "host_video": "true",
                        "panelists_video": "true",
                        "practice_session": "true",
                        "hd_video": "true",
                        "approval_type": "0",
                        "audio": "both",
                        "auto_recording": "local",
                        "alternative_hosts": "",
                        "close_registration": "true",
                        "show_share_button": "true",
                        "allow_multiple_devices": "true",
                        "on_demand": "true",
                        "global_dial_in_countries": [
                            "1013"
                        ],
                        "contact_name": "",
                        "contact_email": "",
                        "registrants_restrict_number": "",
                        "post_webinar_survey": "false",
                        "survey_url": "",
                        "registrants_email_notification": "true",
                        "meeting_authentication": "true",
                        "authentication_domains": "",
                        "qa_enable": "true",
                        "qa_allow_anonymous_questions": "true",
                        "qa_answer_questions": "only",
                        "qa_attendees_can_upvote": "true",
                        "qa_attendees_can_comment": "true"
                    },
                    "ignore_condition_with_delay": "0",
                    "is_active": "1",
                    "action": "zoom_create_webinar_from_event"
                }
            ]
        },
        "_add_zoom_to_existing_webinar_event": {
            "name": "_add_zoom_to_existing_webinar_event",
            "label": " Add Zoom to existing Webinar Event",
            "trigger_params": "a:1:{s:10:\"contact_id\";s:1:\"0\";}",
            "is_active": "0",
            "description": "Default rule to create a Zoom for existing Webinars when a Zoom ID is not already present",
            "help_text": "",
            "modified_date": "2023-11-06",
            "modified_user_id": "2",
            "is_debug": "0",
            "trigger": "changed_event",
            "conditions": [
                {
                    "is_active": "1",
                    "condition_params": [],
                    "condition": "zoom_event_no_zoom_meeting"
                },
                {
                    "condition_link": "AND",
                    "condition_params": {
                        "event_type_id": [
                            "7"
                        ],
                        "operator": "0",
                        "status_id": [
                            "Webinar"
                        ]
                    },
                    "is_active": "1",
                    "condition": "event_type"
                }
            ],
            "actions": [
                {
                    "action_params": {
                        "duration": "90",
                        "password": "",
                        "host_video": "true",
                        "panelists_video": "true",
                        "practice_session": "true",
                        "hd_video": "true",
                        "approval_type": "0",
                        "audio": "both",
                        "auto_recording": "local",
                        "alternative_hosts": "",
                        "close_registration": "true",
                        "show_share_button": "true",
                        "allow_multiple_devices": "true",
                        "on_demand": "true",
                        "global_dial_in_countries": [
                            "1013"
                        ],
                        "contact_name": "",
                        "contact_email": "",
                        "registrants_restrict_number": "",
                        "post_webinar_survey": "false",
                        "survey_url": "",
                        "registrants_email_notification": "true",
                        "meeting_authentication": "true",
                        "authentication_domains": "",
                        "qa_enable": "true",
                        "qa_allow_anonymous_questions": "true",
                        "qa_answer_questions": "only",
                        "qa_attendees_can_upvote": "true",
                        "qa_attendees_can_comment": "true"
                    },
                    "ignore_condition_with_delay": "0",
                    "is_active": "1",
                    "action": "zoom_create_webinar_from_event"
                }
            ]
        },
        "delete_zoom_if_event_is_changed_to_non_zoom_type": {
            "name": "delete_zoom_if_event_is_changed_to_non_zoom_type",
            "label": "Delete Zoom if Event is changed to non-Zoom type",
            "trigger_params": "a:1:{s:10:\"contact_id\";s:1:\"0\";}",
            "is_active": "0",
            "description": "Default rule to delete a Zoom from an Event that is changed to a non-Zoom type.",
            "help_text": "",
            "modified_date": "2024-08-22",
            "modified_user_id": "2",
            "is_debug": "0",
            "trigger": "changed_event",
            "conditions": [
                {
                    "is_active": "1",
                    "condition_params": [],
                    "condition": "zoom_event_has_zoom_meeting"
                },
                {
                    "condition_link": "AND",
                    "condition_params": {
                        "event_type_id": [
                            "4", "7"
                        ],
                        "operator": "1",
                        "status_id": [
                            "Meeting", "Webinar"
                        ]
                    },
                    "is_active": "1",
                    "condition": "event_type"
                }
            ],
            "actions": [
                {
                    "action_params": {
                        "duration": "90",
                        "schedule_for": "",
                        "password": "",
                        "host_video": "true",
                        "participant_video": "true",
                        "join_before_host": "true",
                        "mute_upon_entry": "true",
                        "watermark": "true",
                        "approval_type": "0",
                        "audio": "both",
                        "auto_recording": "local",
                        "alternative_hosts": "",
                        "close_registration": "true",
                        "waiting_room": "true",
                        "global_dial_in_countries": [
                            "1013"
                        ],
                        "contact_name": "",
                        "contact_email": "",
                        "registrants_email_notification": "true",
                        "meeting_authentication": "true",
                        "authentication_domains": "",
                        "show_share_button": "true",
                        "allow_multiple_devices": "true",
                        "alternative_hosts_email_notification": "true"
                    },
                    "ignore_condition_with_delay": "0",
                    "is_active": "1",
                    "action": "zoom_delete_from_event"
                }
            ]
        },
        "update_zoom_details_when_zoom_enabled_event_is_updated": {
            "name": "update_zoom_details_when_zoom_enabled_event_is_updated",
            "label": "Update Zoom details when Zoom enabled event is updated",
            "trigger_params": "a:1:{s:10:\"contact_id\";s:1:\"0\";}",
            "is_active": "0",
            "description": "Default rule to update a Zoom when the Event details are updated.",
            "help_text": "",
            "modified_date": "2024-08-22",
            "modified_user_id": "2",
            "is_debug": "0",
            "trigger": "changed_event",
            "conditions": [
                {
                    "is_active": "1",
                    "condition_params": [],
                    "condition": "zoom_event_has_zoom_meeting"
                },
                {
                    "condition_link": "AND",
                    "condition_params": {
                        "event_type_id": [
                            "4", "7"
                        ],
                        "operator": "1",
                        "status_id": [
                            "Meeting", "Webinar"
                        ]
                    },
                    "is_active": "1",
                    "condition": "event_type"
                }
            ],
            "actions": [
                {
                    "action_params": {
                        "duration": "90",
                        "schedule_for": "",
                        "password": "",
                        "host_video": "true",
                        "participant_video": "true",
                        "join_before_host": "true",
                        "mute_upon_entry": "true",
                        "watermark": "true",
                        "approval_type": "0",
                        "audio": "both",
                        "auto_recording": "local",
                        "alternative_hosts": "",
                        "close_registration": "true",
                        "waiting_room": "true",
                        "global_dial_in_countries": [
                            "1013"
                        ],
                        "contact_name": "",
                        "contact_email": "",
                        "registrants_email_notification": "true",
                        "meeting_authentication": "true",
                        "authentication_domains": "",
                        "show_share_button": "true",
                        "allow_multiple_devices": "true",
                        "alternative_hosts_email_notification": "true"
                    },
                    "ignore_condition_with_delay": "0",
                    "is_active": "1",
                    "action": "zoom_update_from_event"
                }
            ]
        }
    }
}
